{
    "loss": 1.0441702604293823,
    "accuracy": 0.7510718107223511
}