{
    "loss": 0.7570919394493103,
    "accuracy": 0.5860128402709961
}