{
    "loss": 0.9314519762992859,
    "accuracy": 0.7422293424606323
}