{
    "loss": 10.282330513000488,
    "accuracy": 0.316452294588089
}